Observation,Energy
50001,29
50002,89
50003,59
50004,58
50005,49
50006,59
50007,160
50008,39
50009,129
50010,49
50011,49
50012,107
50013,85
50014,43
50015,43
50016,83
50017,56
50018,266
50019,42
50020,58
50021,85
50022,117
50023,117
50024,65
50025,67
50026,62
50027,232
50028,233
50029,26
50030,49
50031,53
50032,73
50033,60
50034,51
50035,234
50036,49
50037,83
50038,63
50039,38
50040,54
50041,127
50042,48
50043,23
50044,66
50045,122
50046,60
50047,46
50048,58
50049,31
50050,54
50051,86
50052,53
50053,53
50054,151
50055,139
50056,49
50057,75
50058,133
50059,36
50060,313
50061,48
50062,53
50063,43
50064,104
50065,54
50066,58
50067,122
50068,51
50069,184
50070,58
50071,166
50072,77
50073,319
50074,43
50075,64
50076,56
50077,53
50078,107
50079,88
50080,69
50081,64
50082,62
50083,46
50084,38
50085,125
50086,53
50087,178
50088,65
50089,60
50090,168
50091,71
50092,76
50093,120
50094,199
50095,101
50096,52
50097,39
50098,47
50099,112
50100,103
50101,36
50102,54
50103,58
50104,145
50105,57
50106,44
50107,18
50108,158
50109,43
50110,50
50111,50
50112,111
50113,47
50114,83
50115,46
50116,70
50117,69
50118,66
50119,111
50120,201
50121,137
50122,50
50123,65
50124,75
50125,36
50126,243
50127,78
50128,45
50129,125
50130,85
50131,166
50132,51
50133,60
50134,105
50135,37
50136,202
50137,368
50138,59
50139,52
50140,49
50141,508
50142,265
50143,93
50144,40
50145,66
50146,44
50147,87
50148,106
50149,137
50150,135
50151,279
50152,45
50153,80
50154,46
50155,159
50156,22
50157,93
50158,109
50159,124
50160,64
50161,92
50162,53
50163,67
50164,163
50165,242
50166,62
50167,228
50168,159
50169,52
50170,45
50171,65
50172,52
50173,50
50174,67
50175,57
50176,110
50177,79
50178,49
50179,39
50180,101
50181,257
50182,57
50183,60
50184,48
50185,56
50186,122
50187,161
50188,69
50189,63
50190,135
50191,75
50192,86
50193,69
50194,94
50195,49
50196,57
50197,48
50198,168
50199,38
50200,221
50201,48
50202,40
50203,236
50204,27
50205,67
50206,122
50207,34
50208,120
50209,159
50210,84
50211,38
50212,43
50213,303
50214,63
50215,154
50216,53
50217,36
50218,51
50219,93
50220,55
50221,69
50222,52
50223,32
50224,80
50225,42
50226,154
50227,100
50228,56
50229,194
50230,170
50231,641
50232,244
50233,56
50234,221
50235,216
50236,113
50237,42
50238,52
50239,53
50240,47
50241,51
50242,154
50243,52
50244,50
50245,72
50246,111
50247,138
50248,43
50249,160
50250,86
50251,70
50252,88
50253,85
50254,66
50255,55
50256,48
50257,28
50258,318
50259,87
50260,93
50261,107
50262,54
50263,62
50264,126
50265,42
50266,19
50267,51
50268,101
50269,76
50270,172
50271,120
50272,89
50273,205
50274,59
50275,94
50276,62
50277,219
50278,84
50279,46
50280,33
50281,50
50282,63
50283,152
50284,84
50285,54
50286,76
50287,47
50288,111
50289,57
50290,40
50291,59
50292,45
50293,37
50294,52
50295,173
50296,69
50297,199
50298,49
50299,153
50300,154
50301,141
50302,128
50303,111
50304,170
50305,46
50306,201
50307,48
50308,35
50309,52
50310,33
50311,288
50312,57
50313,93
50314,79
50315,46
50316,129
50317,51
50318,53
50319,64
50320,75
50321,51
50322,64
50323,36
50324,54
50325,112
50326,72
50327,74
50328,82
50329,52
50330,58
50331,71
50332,191
50333,59
50334,45
50335,277
50336,49
50337,122
50338,156
50339,38
50340,68
50341,49
50342,90
50343,53
50344,60
50345,35
50346,114
50347,73
50348,56
50349,49
50350,91
50351,54
50352,136
50353,297
50354,34
50355,81
50356,90
50357,368
50358,54
50359,52
50360,153
50361,116
50362,56
50363,37
50364,117
50365,32
50366,62
50367,88
50368,355
50369,57
50370,92
50371,238
50372,37
50373,224
50374,101
50375,189
50376,90
50377,222
50378,69
50379,42
50380,243
50381,87
50382,82
50383,45
50384,103
50385,61
50386,63
50387,68
50388,44
50389,50
50390,50
50391,180
50392,51
50393,56
50394,70
50395,218
50396,50
50397,50
50398,68
50399,86
50400,41
50401,56
50402,29
50403,102
50404,58
50405,41
50406,110
50407,176
50408,154
50409,118
50410,99
50411,56
50412,147
50413,37
50414,97
50415,142
50416,59
50417,69
50418,97
50419,48
50420,115
50421,70
50422,54
50423,213
50424,81
50425,187
50426,146
50427,62
50428,120
50429,92
50430,132
50431,63
50432,65
50433,69
50434,42
50435,46
50436,62
50437,77
50438,97
50439,290
50440,65
50441,52
50442,62
50443,42
50444,79
50445,356
50446,77
50447,26
50448,30
50449,99
50450,85
50451,184
50452,40
50453,53
50454,56
50455,58
50456,63
50457,57
50458,39
50459,210
50460,83
50461,46
50462,280
50463,66
50464,131
50465,61
50466,84
50467,101
50468,125
50469,25
50470,80
50471,50
50472,58
50473,153
50474,90
50475,76
50476,84
50477,59
50478,73
50479,78
50480,56
50481,53
50482,155
50483,42
50484,123
50485,323
50486,44
50487,58
50488,73
50489,356
50490,48
50491,114
50492,117
50493,34
50494,59
50495,59
50496,58
50497,53
50498,66
50499,145
50500,33
50501,62
50502,30
50503,22
50504,72
50505,42
50506,29
50507,49
50508,54
50509,104
50510,43
50511,70
50512,46
50513,53
50514,87
50515,124
50516,99
50517,69
50518,56
50519,111
50520,154
50521,46
50522,63
50523,98
50524,38
50525,77
50526,94
50527,46
50528,75
50529,113
50530,61
50531,81
50532,61
50533,78
50534,81
50535,63
50536,91
50537,48
50538,196
50539,136
50540,42
50541,61
50542,61
50543,55
50544,79
50545,58
50546,47
50547,75
50548,59
50549,62
50550,46
50551,39
50552,98
50553,159
50554,49
50555,27
50556,77
50557,47
50558,140
50559,105
50560,188
50561,274
50562,108
50563,48
50564,57
50565,64
50566,377
50567,83
50568,52
50569,26
50570,57
50571,227
50572,188
50573,137
50574,72
50575,56
50576,69
50577,43
50578,90
50579,189
50580,117
50581,53
50582,29
50583,79
50584,84
50585,77
50586,143
50587,62
50588,75
50589,142
50590,67
50591,186
50592,55
50593,71
50594,67
50595,34
50596,70
50597,145
50598,131
50599,78
50600,49
50601,58
50602,496
50603,42
50604,100
50605,69
50606,69
50607,73
50608,71
50609,46
50610,76
50611,60
50612,37
50613,63
50614,45
50615,51
50616,59
50617,71
50618,96
50619,60
50620,51
50621,128
50622,238
50623,89
50624,78
50625,201
50626,113
50627,109
50628,98
50629,295
50630,63
50631,454
50632,173
50633,75
50634,397
50635,104
50636,198
50637,56
50638,108
50639,43
50640,107
50641,46
50642,49
50643,44
50644,51
50645,75
50646,110
50647,85
50648,60
50649,58
50650,109
50651,49
50652,54
50653,90
50654,62
50655,57
50656,94
50657,182
50658,64
50659,148
50660,100
50661,26
50662,37
50663,43
50664,63
50665,107
50666,51
50667,31
50668,39
50669,189
50670,191
50671,47
50672,53
50673,49
50674,43
50675,47
50676,47
50677,50
50678,103
50679,84
50680,71
50681,124
50682,50
50683,64
50684,86
50685,44
50686,31
50687,154
50688,47
50689,45
50690,29
50691,31
50692,344
50693,72
50694,55
50695,310
50696,36
50697,106
50698,45
50699,92
50700,34
50701,62
50702,355
50703,335
50704,34
50705,18
50706,62
50707,46
50708,202
50709,32
50710,64
50711,101
50712,41
50713,44
50714,221
50715,162
50716,55
50717,107
50718,143
50719,59
50720,117
50721,90
50722,149
50723,51
50724,10
50725,155
50726,38
50727,48
50728,230
50729,48
50730,221
50731,134
50732,91
50733,43
50734,301
50735,222
50736,140
50737,104
50738,74
50739,39
50740,48
50741,68
50742,132
50743,122
50744,53
50745,30
50746,128
50747,82
50748,361
50749,62
50750,76
50751,96
50752,49
50753,108
50754,54
50755,49
50756,47
50757,48
50758,32
50759,66
50760,92
50761,100
50762,70
50763,26
50764,138
50765,44
50766,51
50767,66
50768,69
50769,36
50770,67
50771,34
50772,130
50773,35
50774,86
50775,34
50776,87
50777,105
50778,90
50779,237
50780,73
50781,38
50782,43
50783,226
50784,140
50785,95
50786,49
50787,89
50788,120
50789,40
50790,52
50791,39
50792,77
50793,56
50794,50
50795,39
50796,59
50797,46
50798,220
50799,232
50800,144
50801,380
50802,85
50803,82
50804,100
50805,141
50806,39
50807,48
50808,74
50809,61
50810,82
50811,50
50812,114
50813,159
50814,349
50815,38
50816,32
50817,60
50818,89
50819,60
50820,136
50821,35
50822,191
50823,57
50824,274
50825,40
50826,46
50827,163
50828,44
50829,41
50830,52
50831,126
50832,117
50833,64
50834,63
50835,47
50836,47
50837,177
50838,39
50839,78
50840,52
50841,140
50842,34
50843,211
50844,63
50845,62
50846,40
50847,127
50848,67
50849,53
50850,70
50851,40
50852,122
50853,19
50854,43
50855,74
50856,104
50857,100
50858,18
50859,61
50860,53
50861,73
50862,47
50863,102
50864,97
50865,147
50866,76
50867,62
50868,80
50869,61
50870,35
50871,49
50872,90
50873,145
50874,57
50875,76
50876,420
50877,101
50878,157
50879,165
50880,142
50881,72
50882,339
50883,110
50884,93
50885,133
50886,128
50887,129
50888,50
50889,227
50890,69
50891,57
50892,33
50893,104
50894,46
50895,50
50896,35
50897,168
50898,66
50899,40
50900,83
50901,41
50902,120
50903,48
50904,75
50905,47
50906,20
50907,64
50908,66
50909,69
50910,105
50911,200
50912,36
50913,74
50914,414
50915,55
50916,57
50917,198
50918,76
50919,101
50920,48
50921,243
50922,221
50923,154
50924,234
50925,190
50926,202
50927,65
50928,58
50929,76
50930,74
50931,42
50932,77
50933,13
50934,63
50935,122
50936,54
50937,55
50938,41
50939,14
50940,67
50941,84
50942,71
50943,43
50944,138
50945,44
50946,60
50947,34
50948,39
50949,56
50950,114
50951,46
50952,54
50953,90
50954,24
50955,184
50956,65
50957,64
50958,251
50959,151
50960,195
50961,34
50962,222
50963,57
50964,203
50965,61
50966,54
50967,199
50968,185
50969,62
50970,184
50971,59
50972,51
50973,61
50974,120
50975,136
50976,48
50977,62
50978,58
50979,44
50980,52
50981,50
50982,103
50983,701
50984,147
50985,84
50986,60
50987,69
50988,108
50989,224
50990,47
50991,61
50992,61
50993,53
50994,37
50995,46
50996,45
50997,195
50998,50
50999,228
51000,35
51001,70
51002,70
51003,101
51004,39
51005,208
51006,36
51007,44
51008,135
51009,37
51010,275
51011,52
51012,54
51013,37
51014,158
51015,112
51016,147
51017,41
51018,47
51019,70
51020,52
51021,57
51022,275
51023,41
51024,121
51025,28
51026,94
51027,107
51028,45
51029,37
51030,94
51031,48
51032,205
51033,48
51034,342
51035,111
51036,43
51037,225
51038,46
51039,122
51040,158
51041,36
51042,93
51043,66
51044,51
51045,83
51046,36
51047,113
51048,215
51049,72
51050,54
51051,95
51052,117
51053,32
51054,90
51055,61
51056,143
51057,107
51058,121
51059,63
51060,103
51061,56
51062,256
51063,45
51064,80
51065,55
51066,85
51067,183
51068,53
51069,154
51070,78
51071,166
51072,118
51073,107
51074,44
51075,40
51076,70
51077,426
51078,53
51079,68
51080,57
51081,59
51082,129
51083,48
51084,57
51085,116
51086,47
51087,58
51088,111
51089,231
51090,59
51091,105
51092,183
51093,183
51094,71
51095,318
51096,110
51097,175
51098,55
51099,65
51100,99
51101,118
51102,71
51103,85
51104,78
51105,52
51106,126
51107,74
51108,47
51109,63
51110,101
51111,100
51112,52
51113,32
51114,71
51115,53
51116,74
51117,83
51118,29
51119,49
51120,46
51121,36
51122,77
51123,63
51124,40
51125,50
51126,39
51127,82
51128,142
51129,86
51130,52
51131,298
51132,79
51133,53
51134,87
51135,81
51136,73
51137,100
51138,119
51139,179
51140,68
51141,90
51142,44
51143,437
51144,202
51145,94
51146,84
51147,276
51148,38
51149,70
51150,151
51151,90
51152,89
51153,42
51154,42
51155,59
51156,69
51157,155
51158,171
51159,65
51160,98
51161,131
51162,73
51163,67
51164,72
51165,50
51166,70
51167,62
51168,74
51169,51
51170,81
51171,37
51172,81
51173,118
51174,97
51175,73
51176,59
51177,79
51178,151
51179,50
51180,186
51181,243
51182,29
51183,89
51184,26
51185,140
51186,137
51187,65
51188,162
51189,33
51190,34
51191,154
51192,79
51193,70
51194,38
51195,30
51196,81
51197,86
51198,153
51199,81
51200,417
51201,83
51202,56
51203,161
51204,70
51205,74
51206,143
51207,48
51208,53
51209,195
51210,143
51211,113
51212,49
51213,101
51214,68
51215,46
51216,39
51217,143
51218,310
51219,32
51220,74
51221,151
51222,112
51223,50
51224,57
51225,48
51226,66
51227,43
51228,47
51229,91
51230,48
51231,67
51232,70
51233,82
51234,113
51235,41
51236,62
51237,56
51238,352
51239,50
51240,60
51241,88
51242,44
51243,97
51244,65
51245,47
51246,28
51247,105
51248,133
51249,50
51250,48
51251,51
51252,40
51253,73
51254,89
51255,26
51256,84
51257,130
51258,70
51259,69
51260,59
51261,81
51262,136
51263,35
51264,35
51265,40
51266,300
51267,88
51268,62
51269,272
51270,38
51271,84
51272,135
51273,80
51274,195
51275,44
51276,127
51277,87
51278,41
51279,23
51280,15
51281,40
51282,104
51283,69
51284,257
51285,111
51286,50
51287,39
51288,74
51289,109
51290,130
51291,69
51292,77
51293,166
51294,82
51295,64
51296,38
51297,73
51298,76
51299,41
51300,57
51301,87
51302,80
51303,121
51304,64
51305,163
51306,37
51307,77
51308,141
51309,70
51310,79
51311,57
51312,38
51313,53
51314,136
51315,39
51316,53
51317,214
51318,98
51319,99
51320,82
51321,35
51322,63
51323,52
51324,114
51325,111
51326,77
51327,35
51328,66
51329,37
51330,49
51331,44
51332,199
51333,52
51334,626
51335,46
51336,32
51337,139
51338,15
51339,80
51340,67
51341,65
51342,170
51343,62
51344,54
51345,111
51346,47
51347,64
51348,123
51349,235
51350,109
51351,46
51352,44
51353,63
51354,27
51355,99
51356,120
51357,61
51358,68
51359,44
51360,113
51361,39
51362,38
51363,52
51364,73
51365,69
51366,111
51367,265
51368,272
51369,93
51370,70
51371,50
51372,54
51373,75
51374,55
51375,34
51376,286
51377,65
51378,88
51379,52
51380,86
51381,84
51382,69
51383,42
51384,51
51385,99
51386,88
51387,148
51388,102
51389,70
51390,224
51391,155
51392,63
51393,74
51394,40
51395,63
51396,23
51397,81
51398,89
51399,43
51400,41
51401,379
51402,18
51403,69
51404,130
51405,69
51406,126
51407,80
51408,62
51409,226
51410,99
51411,145
51412,39
51413,50
51414,126
51415,100
51416,99
51417,198
51418,24
51419,49
51420,83
51421,138
51422,70
51423,291
51424,52
51425,16
51426,45
51427,53
51428,41
51429,51
51430,135
51431,90
51432,90
51433,74
51434,72
51435,258
51436,43
51437,52
51438,40
51439,137
51440,55
51441,87
51442,93
51443,35
51444,76
51445,120
51446,119
51447,214
51448,62
51449,60
51450,153
51451,33
51452,167
51453,161
51454,108
51455,55
51456,51
51457,266
51458,55
51459,40
51460,46
51461,79
51462,46
51463,60
51464,44
51465,102
51466,230
51467,89
51468,20
51469,70
51470,255
51471,77
51472,36
51473,45
51474,62
51475,107
51476,228
51477,96
51478,40
51479,54
51480,40
51481,75
51482,57
51483,53
51484,101
51485,103
51486,85
51487,28
51488,75
51489,46
51490,90
51491,116
51492,374
51493,140
51494,186
51495,254
51496,113
51497,69
51498,147
51499,48
51500,210
51501,52
51502,87
51503,213
51504,39
51505,118
51506,54
51507,494
51508,85
51509,65
51510,99
51511,71
51512,128
51513,73
51514,60
51515,180
51516,143
51517,47
51518,40
51519,65
51520,72
51521,96
51522,101
51523,26
51524,40
51525,49
51526,92
51527,98
51528,64
51529,85
51530,72
51531,69
51532,192
51533,312
51534,91
51535,62
51536,53
51537,48
51538,32
51539,81
51540,74
51541,59
51542,161
51543,89
51544,185
51545,62
51546,93
51547,84
51548,51
51549,44
51550,77
51551,17
51552,164
51553,159
51554,332
51555,37
51556,294
51557,91
51558,106
51559,68
51560,59
51561,31
51562,240
51563,184
51564,61
51565,79
51566,143
51567,138
51568,61
51569,50
51570,64
51571,60
51572,37
51573,56
51574,92
51575,94
51576,71
51577,79
51578,190
51579,185
51580,31
51581,38
51582,44
51583,129
51584,84
51585,70
51586,74
51587,54
51588,41
51589,341
51590,43
51591,64
51592,56
51593,100
51594,38
51595,56
51596,74
51597,61
51598,107
51599,113
51600,37
51601,52
51602,69
51603,62
51604,81
51605,107
51606,62
51607,205
51608,100
51609,13
51610,36
51611,430
51612,79
51613,124
51614,128
51615,59
51616,55
51617,102
51618,117
51619,78
51620,137
51621,37
51622,15
51623,40
51624,53
51625,70
51626,76
51627,112
51628,72
51629,58
51630,45
51631,48
51632,155
51633,30
51634,251
51635,105
51636,102
51637,38
51638,123
51639,38
51640,62
51641,49
51642,45
51643,80
51644,70
51645,59
51646,46
51647,126
51648,52
51649,62
51650,131
51651,57
51652,26
51653,60
51654,70
51655,100
51656,190
51657,40
51658,38
51659,45
51660,94
51661,54
51662,74
51663,60
51664,34
51665,128
51666,41
51667,334
51668,96
51669,45
51670,29
51671,53
51672,45
51673,138
51674,224
51675,187
51676,103
51677,69
51678,58
51679,69
51680,71
51681,47
51682,74
51683,87
51684,65
51685,51
51686,110
51687,62
51688,77
51689,98
51690,422
51691,122
51692,58
51693,53
51694,59
51695,260
51696,44
51697,60
51698,38
51699,56
51700,63
51701,466
51702,37
51703,47
51704,87
51705,63
51706,205
51707,60
51708,43
51709,55
51710,91
51711,111
51712,79
51713,87
51714,47
51715,191
51716,115
51717,113
51718,33
51719,63
51720,312
51721,458
51722,96
51723,155
51724,52
51725,216
51726,100
51727,78
51728,63
51729,284
51730,54
51731,53
51732,409
51733,39
51734,55
51735,53
51736,60
51737,52
51738,109
51739,553
51740,47
51741,42
51742,88
51743,64
51744,48
51745,43
51746,44
51747,42
51748,42
51749,138
51750,45
51751,181
51752,139
51753,87
51754,105
51755,218
51756,82
51757,48
51758,51
51759,302
51760,73
51761,81
51762,103
51763,75
51764,108
51765,44
51766,50
51767,82
51768,90
51769,52
51770,89
51771,103
51772,71
51773,146
51774,78
51775,88
51776,61
51777,80
51778,78
51779,75
51780,51
51781,39
51782,60
51783,70
51784,87
51785,160
51786,123
51787,31
51788,75
51789,72
51790,46
51791,59
51792,58
51793,304
51794,52
51795,155
51796,65
51797,82
51798,189
51799,70
51800,48
51801,478
51802,54
51803,62
51804,124
51805,64
51806,73
51807,50
51808,84
51809,69
51810,103
51811,149
51812,120
51813,216
51814,483
51815,80
51816,54
51817,63
51818,79
51819,110
51820,38
51821,76
51822,42
51823,50
51824,41
51825,87
51826,129
51827,41
51828,49
51829,65
51830,131
51831,46
51832,110
51833,68
51834,117
51835,21
51836,44
51837,57
51838,67
51839,64
51840,93
51841,102
51842,134
51843,94
51844,105
51845,101
51846,58
51847,58
51848,91
51849,38
51850,167
51851,126
51852,61
51853,92
51854,70
51855,456
51856,78
51857,195
51858,112
51859,79
51860,16
51861,57
51862,406
51863,206
51864,64
51865,79
51866,57
51867,57
51868,114
51869,55
51870,55
51871,85
51872,55
51873,86
51874,55
51875,66
51876,114
51877,46
51878,83
51879,71
51880,181
51881,44
51882,104
51883,97
51884,80
51885,55
51886,51
51887,113
51888,69
51889,130
51890,50
51891,85
51892,70
51893,177
51894,143
51895,56
51896,89
51897,72
51898,59
51899,282
51900,70
51901,134
51902,58
51903,53
51904,56
51905,53
51906,117
51907,86
51908,65
51909,62
51910,39
51911,121
51912,45
51913,192
51914,56
51915,65
51916,104
51917,95
51918,63
51919,50
51920,48
51921,211
51922,59
51923,155
51924,54
51925,159
51926,364
51927,141
51928,86
51929,81
51930,113
51931,115
51932,155
51933,56
51934,253
51935,48
51936,65
51937,40
51938,114
51939,99
51940,151
51941,83
51942,183
51943,63
51944,45
51945,261
51946,116
51947,200
51948,146
51949,45
51950,99
51951,69
51952,65
51953,52
51954,55
51955,62
51956,157
51957,79
51958,43
51959,48
51960,77
51961,52
51962,53
51963,68
51964,63
51965,35
51966,135
51967,53
51968,61
51969,54
51970,48
51971,73
51972,101
51973,206
51974,157
51975,49
51976,276
51977,166
51978,88
51979,46
51980,95
51981,67
51982,46
51983,64
51984,258
51985,67
51986,341
51987,135
51988,86
51989,95
51990,61
51991,54
51992,44
51993,48
51994,298
51995,44
51996,56
51997,70
51998,59
51999,55
52000,71
52001,51
52002,56
52003,52
52004,70
52005,50
52006,152
52007,46
52008,68
52009,106
52010,329
52011,59
52012,50
52013,34
52014,58
52015,128
52016,82
52017,86
52018,38
52019,86
52020,111
52021,53
52022,59
52023,97
52024,198
52025,78
52026,201
52027,55
52028,118
52029,110
52030,52
52031,67
52032,60
52033,84
52034,34
52035,67
52036,72
52037,88
52038,70
52039,59
52040,137
52041,130
52042,48
52043,165
52044,160
52045,91
52046,38
52047,89
52048,115
52049,66
52050,66
52051,212
52052,69
52053,183
52054,47
52055,59
52056,70
52057,63
52058,105
52059,134
52060,93
52061,106
52062,51
52063,333
52064,95
52065,57
52066,87
52067,76
52068,179
52069,66
52070,44
52071,593
52072,133
52073,28
52074,79
52075,60
52076,168
52077,59
52078,36
52079,76
52080,168
52081,57
52082,158
52083,61
52084,60
52085,49
52086,105
52087,103
52088,81
52089,45
52090,54
52091,140
52092,94
52093,46
52094,61
52095,46
52096,47
52097,94
52098,34
52099,55
52100,51
52101,35
52102,68
52103,88
52104,48
52105,87
52106,90
52107,135
52108,23
52109,187
52110,36
52111,197
52112,52
52113,90
52114,99
52115,86
52116,59
52117,68
52118,61
52119,55
52120,103
52121,218
52122,65
52123,68
52124,54
52125,268
52126,45
52127,53
52128,40
52129,126
52130,69
52131,71
52132,326
52133,47
52134,125
52135,144
52136,38
52137,98
52138,104
52139,112
52140,96
52141,75
52142,112
52143,114
52144,276
52145,71
52146,81
52147,154
52148,64
52149,108
52150,146
52151,56
52152,97
52153,78
52154,119
52155,132
52156,56
52157,85
52158,119
52159,32
52160,44
52161,59
52162,112
52163,57
52164,36
52165,170
52166,115
52167,95
52168,64
52169,77
52170,23
52171,215
52172,63
52173,274
52174,61
52175,44
52176,43
52177,38
52178,81
52179,249
52180,66
52181,55
52182,53
52183,44
52184,58
52185,111
52186,54
52187,82
52188,103
52189,81
52190,63
52191,116
52192,143
52193,40
52194,67
52195,99
52196,59
52197,59
52198,179
52199,50
52200,50
52201,35
52202,87
52203,45
52204,85
52205,62
52206,113
52207,79
52208,78
52209,51
52210,167
52211,63
52212,30
52213,86
52214,53
52215,46
52216,71
52217,174
52218,94
52219,76
52220,37
52221,43
52222,80
52223,114
52224,192
52225,43
52226,151
52227,38
52228,130
52229,110
52230,59
52231,109
52232,41
52233,80
52234,144
52235,113
52236,96
52237,32
52238,58
52239,103
52240,38
52241,58
52242,121
52243,59
52244,50
52245,120
52246,58
52247,86
52248,172
52249,39
52250,145
52251,46
52252,59
52253,95
52254,47
52255,55
52256,401
52257,52
52258,59
52259,51
52260,156
52261,52
52262,53
52263,167
52264,42
52265,52
52266,62
52267,67
52268,61
52269,76
52270,89
52271,58
52272,78
52273,248
52274,65
52275,147
52276,214
52277,81
52278,126
52279,58
52280,44
52281,68
52282,85
52283,232
52284,69
52285,125
52286,130
52287,46
52288,95
52289,56
52290,62
52291,40
52292,107
52293,350
52294,76
52295,179
52296,68
52297,44
52298,100
52299,33
52300,110
52301,273
52302,45
52303,77
52304,150
52305,138
52306,98
52307,234
52308,43
52309,62
52310,179
52311,89
52312,42
52313,85
52314,58
52315,53
52316,89
52317,125
52318,44
52319,40
52320,52
52321,52
52322,134
52323,79
52324,93
52325,267
52326,22
52327,124
52328,111
52329,64
52330,86
52331,351
52332,66
52333,61
52334,130
52335,80
52336,132
52337,115
52338,120
52339,286
52340,59
52341,89
52342,242
52343,53
52344,187
52345,58
52346,93
52347,96
52348,159
52349,91
52350,198
52351,45
52352,41
52353,41
52354,61
52355,79
52356,37
52357,141
52358,116
52359,54
52360,83
52361,71
52362,129
52363,95
52364,386
52365,54
52366,89
52367,45
52368,85
52369,101
52370,151
52371,108
52372,50
52373,54
52374,56
52375,66
52376,31
52377,184
52378,57
52379,169
52380,46
52381,79
52382,55
52383,190
52384,74
52385,248
52386,151
52387,121
52388,161
52389,67
52390,238
52391,130
52392,206
52393,133
52394,208
52395,104
52396,93
52397,42
52398,56
52399,30
52400,43
52401,68
52402,53
52403,54
52404,149
52405,48
52406,97
52407,61
52408,61
52409,74
52410,64
52411,56
52412,146
52413,113
52414,47
52415,83
52416,152
52417,148
52418,283
52419,96
52420,113
52421,16
52422,66
52423,184
52424,52
52425,138
52426,72
52427,95
52428,82
52429,54
52430,49
52431,46
52432,263
52433,32
52434,63
52435,112
52436,109
52437,53
52438,35
52439,46
52440,228
52441,63
52442,73
52443,79
52444,150
52445,85
52446,45
52447,99
52448,52
52449,113
52450,60
52451,48
52452,141
52453,52
52454,288
52455,90
52456,59
52457,57
52458,57
52459,75
52460,68
52461,188
52462,92
52463,47
52464,37
52465,69
52466,92
52467,47
52468,16
52469,69
52470,68
52471,31
52472,28
52473,273
52474,71
52475,56
52476,66
52477,31
52478,43
52479,49
52480,217
52481,174
52482,30
52483,60
52484,90
52485,64
52486,48
52487,44
52488,30
52489,94
52490,78
52491,40
52492,206
52493,98
52494,45
52495,48
52496,59
52497,29
52498,71
52499,62
52500,101
52501,45
52502,52
52503,175
52504,65
52505,105
52506,80
52507,158
52508,320
52509,49
52510,67
52511,50
52512,90
52513,79
52514,46
52515,89
52516,110
52517,104
52518,145
52519,117
52520,56
52521,46
52522,6
52523,39
52524,340
52525,75
52526,276
52527,190
52528,181
52529,133
52530,126
52531,40
52532,45
52533,44
52534,115
52535,42
52536,128
52537,150
52538,119
52539,52
52540,186
52541,47
52542,46
52543,115
52544,17
52545,112
52546,45
52547,36
52548,32
52549,70
52550,46
52551,45
52552,91
52553,170
52554,48
52555,57
52556,68
52557,108
52558,131
52559,106
52560,53
52561,55
52562,46
52563,83
52564,71
52565,52
52566,270
52567,120
52568,256
52569,64
52570,92
52571,49
52572,78
52573,221
52574,33
52575,53
52576,64
52577,122
52578,40
52579,49
52580,282
52581,46
52582,33
52583,63
52584,65
52585,53
52586,76
52587,99
52588,51
52589,67
52590,49
52591,214
52592,49
52593,86
52594,143
52595,51
52596,52
52597,35
52598,78
52599,117
52600,112
52601,31
52602,78
52603,5
52604,69
52605,94
52606,85
52607,71
52608,71
52609,100
52610,90
52611,220
52612,126
52613,132
52614,93
52615,49
52616,62
52617,311
52618,321
52619,191
52620,110
52621,374
52622,127
52623,33
52624,318
52625,36
52626,90
52627,41
52628,117
52629,107
52630,98
52631,80
52632,40
52633,94
52634,139
52635,247
52636,135
52637,213
52638,13
52639,69
52640,83
52641,47
52642,65
52643,238
52644,85
52645,39
52646,58
52647,86
52648,119
52649,84
52650,93
52651,63
52652,165
52653,56
52654,55
52655,93
52656,54
52657,84
52658,114
52659,65
52660,152
52661,58
52662,211
52663,127
52664,67
52665,85
52666,98
52667,61
52668,356
52669,90
52670,64
52671,77
52672,90
52673,75
52674,48
52675,230
52676,52
52677,209
52678,132
52679,123
52680,77
52681,51
52682,62
52683,148
52684,40
52685,89
52686,35
52687,163
52688,42
52689,40
52690,163
52691,116
52692,90
52693,68
52694,61
52695,211
52696,56
52697,133
52698,53
52699,85
52700,78
52701,38
52702,72
52703,71
52704,79
52705,290
52706,48
52707,276
52708,69
52709,22
52710,40
52711,271
52712,33
52713,81
52714,91
52715,74
52716,144
52717,48
52718,72
52719,173
52720,67
52721,111
52722,142
52723,50
52724,108
52725,59
52726,53
52727,179
52728,80
52729,56
52730,31
52731,87
52732,33
52733,67
52734,58
52735,551
52736,155
52737,130
52738,58
52739,59
52740,63
52741,59
52742,57
52743,77
52744,99
52745,48
52746,124
52747,93
52748,47
52749,60
52750,66
52751,153
52752,96
52753,39
52754,34
52755,47
52756,86
52757,46
52758,128
52759,192
52760,56
52761,45
52762,63
52763,66
52764,261
52765,81
52766,176
52767,46
52768,70
52769,225
52770,46
52771,125
52772,55
52773,59
52774,57
52775,66
52776,61
52777,550
52778,64
52779,47
52780,60
52781,51
52782,167
52783,67
52784,56
52785,366
52786,52
52787,47
52788,98
52789,88
52790,389
52791,47
52792,33
52793,224
52794,143
52795,84
52796,88
52797,102
52798,100
52799,243
52800,49
52801,195
52802,466
52803,86
52804,115
52805,74
52806,200
52807,67
52808,44
52809,131
52810,61
52811,72
52812,85
52813,42
52814,195
52815,105
52816,161
52817,152
52818,64
52819,249
52820,54
52821,93
52822,70
52823,125
52824,50
52825,39
52826,50
52827,64
52828,49
52829,133
52830,50
52831,192
52832,103
52833,273
52834,102
52835,45
52836,49
52837,78
52838,53
52839,46
52840,45
52841,258
52842,44
52843,47
52844,70
52845,93
52846,55
52847,48
52848,45
52849,44
52850,110
52851,67
52852,58
52853,150
52854,76
52855,65
52856,140
52857,285
52858,148
52859,194
52860,67
52861,63
52862,40
52863,79
52864,50
52865,139
52866,73
52867,53
52868,43
52869,58
52870,70
52871,178
52872,118
52873,100
52874,58
52875,126
52876,348
52877,28
52878,113
52879,60
52880,41
52881,59
52882,206
52883,101
52884,63
52885,88
52886,106
52887,52
52888,85
52889,66
52890,74
52891,104
52892,59
52893,88
52894,23
52895,59
52896,95
52897,41
52898,34
52899,98
52900,124
52901,82
52902,137
52903,65
52904,55
52905,22
52906,60
52907,51
52908,32
52909,329
52910,28
52911,53
52912,323
52913,39
52914,103
52915,49
52916,76
52917,211
52918,73
52919,235
52920,154
52921,45
52922,87
52923,34
52924,72
52925,57
52926,57
52927,58
52928,51
52929,57
52930,38
52931,54
52932,59
52933,69
52934,101
52935,134
52936,51
52937,113
52938,145
52939,56
52940,53
52941,96
52942,95
52943,73
52944,44
52945,83
52946,81
52947,35
52948,60
52949,81
52950,39
52951,49
52952,54
52953,50
52954,99
52955,61
52956,31
52957,119
52958,54
52959,216
52960,31
52961,156
52962,134
52963,47
52964,94
52965,63
52966,363
52967,64
52968,316
52969,41
52970,66
52971,76
52972,148
52973,254
52974,254
52975,381
52976,46
52977,59
52978,244
52979,51
52980,61
52981,100
52982,320
52983,61
52984,53
52985,94
52986,52
52987,198
52988,229
52989,33
52990,34
52991,87
52992,46
52993,193
52994,58
52995,60
52996,60
52997,70
52998,160
52999,64
53000,57
53001,96
53002,113
53003,172
53004,197
53005,46
53006,49
53007,49
53008,43
53009,54
53010,65
53011,182
53012,53
53013,104
53014,333
53015,73
53016,285
53017,110
53018,31
53019,217
53020,121
53021,133
53022,266
53023,102
53024,37
53025,89
53026,43
53027,41
53028,119
53029,57
53030,36
53031,93
53032,55
53033,48
53034,256
53035,87
53036,98
53037,84
53038,58
53039,76
53040,60
53041,229
53042,89
53043,230
53044,56
53045,126
53046,113
53047,157
53048,60
53049,58
53050,128
53051,42
53052,143
53053,81
53054,191
53055,55
53056,100
53057,182
53058,326
53059,66
53060,295
53061,45
53062,75
53063,81
53064,148
53065,50
53066,124
53067,410
53068,201
53069,35
53070,66
53071,61
53072,146
53073,127
53074,64
53075,52
53076,105
53077,48
53078,62
53079,114
53080,46
53081,50
53082,117
53083,45
53084,97
53085,195
53086,13
53087,64
53088,98
53089,90
53090,39
53091,46
53092,85
53093,132
53094,41
53095,57
53096,88
53097,80
53098,263
53099,103
53100,70
53101,111
53102,65
53103,220
53104,28
53105,63
53106,79
53107,46
53108,62
53109,57
53110,129
53111,244
53112,143
53113,133
53114,657
53115,77
53116,143
53117,56
53118,51
53119,176
53120,85
53121,59
53122,87
53123,250
53124,50
53125,65
53126,62
53127,58
53128,61
53129,73
53130,43
53131,56
53132,58
53133,63
53134,66
53135,149
53136,75
53137,49
53138,58
53139,56
53140,181
53141,85
53142,135
53143,34
53144,86
53145,242
53146,61
53147,135
53148,102
53149,113
53150,45
53151,211
53152,50
53153,80
53154,175
53155,115
53156,32
53157,56
53158,26
53159,50
53160,103
53161,173
53162,43
53163,84
53164,159
53165,83
53166,62
53167,73
53168,438
53169,79
53170,136
53171,49
53172,77
53173,63
53174,54
53175,230
53176,53
53177,114
53178,70
53179,161
53180,54
53181,189
53182,46
53183,39
53184,65
53185,40
53186,79
53187,59
53188,218
53189,29
53190,28
53191,62
53192,30
53193,249
53194,131
53195,47
53196,98
53197,59
53198,49
53199,127
53200,69
53201,122
53202,131
53203,43
53204,71
53205,49
53206,63
53207,151
53208,61
53209,62
53210,133
53211,138
53212,147
53213,119
53214,60
53215,62
53216,45
53217,56
53218,38
53219,108
53220,63
53221,67
53222,105
53223,105
53224,78
53225,449
53226,72
53227,121
53228,76
53229,46
53230,79
53231,123
53232,112
53233,235
53234,39
53235,251
53236,397
53237,57
53238,55
53239,71
53240,81
53241,70
53242,63
53243,121
53244,53
53245,61
53246,79
53247,53
53248,23
53249,103
53250,117
53251,73
53252,280
53253,68
53254,50
53255,89
53256,429
53257,69
53258,50
53259,79
53260,83
53261,267
53262,102
53263,117
53264,85
53265,122
53266,210
53267,59
53268,93
53269,47
53270,194
53271,66
53272,83
53273,66
53274,304
53275,78
53276,91
53277,51
53278,136
53279,231
53280,49
53281,42
53282,57
53283,42
53284,86
53285,49
53286,115
53287,51
53288,55
53289,49
53290,46
53291,66
53292,37
53293,94
53294,30
53295,69
53296,31
53297,37
53298,94
53299,61
53300,96
53301,32
53302,46
53303,70
53304,173
53305,99
53306,61
53307,60
53308,102
53309,51
53310,151
53311,78
53312,66
53313,36
53314,38
53315,31
53316,39
53317,421
53318,123
53319,60
53320,58
53321,96
53322,90
53323,131
53324,90
53325,107
53326,106
53327,249
53328,45
53329,82
53330,88
53331,113
53332,45
53333,39
53334,43
53335,70
53336,108
53337,52
53338,68
53339,300
53340,97
53341,167
53342,99
53343,124
53344,67
53345,53
53346,156
53347,363
53348,90
53349,228
53350,91
53351,242
53352,42
53353,148
53354,53
53355,46
53356,102
53357,71
53358,47
53359,167
53360,87
53361,42
53362,154
53363,29
53364,165
53365,40
53366,65
53367,64
53368,49
53369,39
53370,316
53371,91
53372,46
53373,107
53374,62
53375,72
53376,61
53377,77
53378,123
53379,93
53380,109
53381,68
53382,15
53383,58
53384,53
53385,428
53386,115
53387,66
53388,60
53389,101
53390,40
53391,104
53392,53
53393,52
53394,63
53395,38
53396,51
53397,42
53398,33
53399,52
53400,44
53401,82
53402,43
53403,66
53404,71
53405,221
53406,101
53407,39
53408,53
53409,59
53410,43
53411,136
53412,65
53413,42
53414,72
53415,42
53416,148
53417,74
53418,113
53419,56
53420,78
53421,100
53422,251
53423,150
53424,96
53425,79
53426,74
53427,96
53428,146
53429,71
53430,58
53431,52
53432,67
53433,348
53434,181
53435,51
53436,65
53437,55
53438,30
53439,84
53440,55
53441,79
53442,39
53443,19
53444,64
53445,41
53446,59
53447,42
53448,54
53449,134
53450,73
53451,41
53452,227
53453,77
53454,83
53455,59
53456,50
53457,59
53458,98
53459,65
53460,63
53461,127
53462,111
53463,145
53464,127
53465,54
53466,97
53467,38
53468,429
53469,160
53470,215
53471,340
53472,54
53473,37
53474,49
53475,91
53476,37
53477,203
53478,71
53479,61
53480,154
53481,107
53482,71
53483,35
53484,116
53485,203
53486,164
53487,39
53488,82
53489,148
53490,61
53491,166
53492,59
53493,83
53494,47
53495,117
53496,114
53497,81
53498,36
53499,26
53500,52
53501,374
53502,57
53503,55
53504,306
53505,82
53506,74
53507,229
53508,64
53509,49
53510,47
53511,57
53512,122
53513,108
53514,91
53515,40
53516,128
53517,213
53518,48
53519,63
53520,49
53521,36
53522,52
53523,53
53524,57
53525,73
53526,49
53527,115
53528,222
53529,78
53530,21
53531,146
53532,86
53533,178
53534,62
53535,63
53536,93
53537,64
53538,343
53539,226
53540,49
53541,202
53542,51
53543,104
53544,140
53545,102
53546,45
53547,97
53548,117
53549,86
53550,40
53551,284
53552,77
53553,50
53554,96
53555,89
53556,81
53557,62
53558,31
53559,58
53560,251
53561,66
53562,105
53563,56
53564,62
53565,123
53566,39
53567,85
53568,90
53569,231
53570,109
53571,77
53572,142
53573,112
53574,84
53575,74
53576,306
53577,222
53578,116
53579,68
53580,120
53581,75
53582,65
53583,67
53584,120
53585,114
53586,46
53587,49
53588,119
53589,71
53590,81
53591,295
53592,94
53593,549
53594,102
53595,55
53596,116
53597,409
53598,55
53599,34
53600,121
53601,160
53602,57
53603,63
53604,166
53605,52
53606,90
53607,175
53608,104
53609,445
53610,88
53611,109
53612,70
53613,79
53614,52
53615,80
53616,64
53617,67
53618,146
53619,118
53620,56
53621,255
53622,297
53623,28
53624,65
53625,72
53626,201
53627,78
53628,133
53629,61
53630,77
53631,23
53632,156
53633,59
53634,60
53635,70
53636,83
53637,39
53638,98
53639,60
53640,61
53641,42
53642,109
53643,104
53644,75
53645,51
53646,100
53647,75
53648,86
53649,113
53650,156
53651,176
53652,94
53653,37
53654,92
53655,37
53656,50
53657,96
53658,86
53659,51
53660,46
53661,466
53662,92
53663,159
53664,38
53665,418
53666,265
53667,41
53668,117
53669,117
53670,65
53671,184
53672,52
53673,37
53674,45
53675,116
53676,59
53677,60
53678,131
53679,74
53680,153
53681,53
53682,81
53683,49
53684,138
53685,191
53686,196
53687,84
53688,59
53689,116
53690,23
53691,55
53692,124
53693,51
53694,-4
53695,67
53696,154
53697,166
53698,152
53699,76
53700,377
53701,135
53702,55
53703,54
53704,107
53705,121
53706,72
53707,88
53708,33
53709,102
53710,17
53711,108
53712,39
53713,55
53714,30
53715,125
53716,44
53717,116
53718,195
53719,64
53720,47
53721,104
53722,51
53723,91
53724,57
53725,74
53726,69
53727,87
53728,102
53729,442
53730,49
53731,179
53732,61
53733,61
53734,146
53735,48
53736,67
53737,151
53738,52
53739,91
53740,98
53741,303
53742,77
53743,76
53744,83
53745,109
53746,73
53747,93
53748,144
53749,126
53750,57
53751,56
53752,39
53753,60
53754,88
53755,111
53756,60
53757,56
53758,56
53759,108
53760,110
53761,47
53762,44
53763,215
53764,39
53765,62
53766,52
53767,126
53768,131
53769,406
53770,62
53771,62
53772,176
53773,43
53774,227
53775,98
53776,51
53777,170
53778,393
53779,53
53780,26
53781,134
53782,58
53783,90
53784,29
53785,49
53786,55
53787,69
53788,30
53789,75
53790,80
53791,91
53792,73
53793,57
53794,39
53795,44
53796,91
53797,58
53798,82
53799,51
53800,289
53801,58
53802,235
53803,87
53804,54
53805,62
53806,112
53807,93
53808,42
53809,136
53810,208
53811,52
53812,44
53813,40
53814,62
53815,109
53816,23
53817,44
53818,82
53819,91
53820,42
53821,52
53822,55
53823,173
53824,50
53825,48
53826,49
53827,129
53828,84
53829,39
53830,75
53831,142
53832,142
53833,74
53834,144
53835,12
53836,150
53837,190
53838,110
53839,465
53840,40
53841,49
53842,147
53843,37
53844,325
53845,127
53846,130
53847,81
53848,51
53849,44
53850,40
53851,86
53852,184
53853,92
53854,102
53855,59
53856,273
53857,74
53858,85
53859,52
53860,164
53861,90
53862,56
53863,64
53864,178
53865,117
53866,71
53867,53
53868,34
53869,56
53870,82
53871,39
53872,77
53873,53
53874,59
53875,51
53876,100
53877,49
53878,73
53879,123
53880,32
53881,96
53882,47
53883,74
53884,39
53885,214
53886,107
53887,110
53888,46
53889,73
53890,102
53891,45
53892,48
53893,70
53894,272
53895,32
53896,49
53897,38
53898,64
53899,137
53900,120
53901,46
53902,266
53903,247
53904,40
53905,89
53906,139
53907,106
53908,36
53909,55
53910,56
53911,145
53912,146
53913,54
53914,114
53915,75
53916,73
53917,112
53918,68
53919,105
53920,81
53921,74
53922,56
53923,53
53924,36
53925,44
53926,103
53927,78
53928,92
53929,75
53930,134
53931,56
53932,255
53933,58
53934,75
53935,241
53936,47
53937,44
53938,77
53939,59
53940,113
53941,92
53942,56
53943,100
53944,93
53945,237
